INSERT INTO P_USER(ID, USERNAME, PASSWORD, EMAIL) VALUES (1, 'John', 'test', 'john@pet.com');
INSERT INTO P_USER(ID, USERNAME, PASSWORD, EMAIL) VALUES (2, 'Mary', 'test', 'mary@pet.com');
INSERT INTO P_USER(ID, USERNAME, PASSWORD, EMAIL) VALUES (3, 'Victoria', 'test', 'victoria@pet.com');
INSERT INTO P_USER(ID, USERNAME, PASSWORD, EMAIL) VALUES (4, 'Johnny', 'test', 'johnny@pet.com');

INSERT INTO C_ADDRESS(ADDRESS_ID, USER_ID, ADDR_1, ZIP) VALUES (1, 1, 'test', '45637');
INSERT INTO C_ADDRESS(ADDRESS_ID, USER_ID, ADDR_1, ZIP) VALUES (2, 1, '123 main st', '33609');
INSERT INTO C_ADDRESS(ADDRESS_ID, USER_ID, ADDR_1, ZIP) VALUES (3, 2, 'test', '45637');
INSERT INTO C_ADDRESS(ADDRESS_ID, USER_ID, ADDR_1, ZIP) VALUES (4, 2, '4601 W Gray St', '33609');
INSERT INTO C_ADDRESS(ADDRESS_ID, USER_ID, ADDR_1, ZIP) VALUES (5, 3, 'test', '45637');
INSERT INTO C_ADDRESS(ADDRESS_ID, USER_ID, ADDR_1, ZIP) VALUES (6, 3, '4816 W euclid Ave', '33629');
INSERT INTO C_ADDRESS(ADDRESS_ID, USER_ID, ADDR_1, ZIP) VALUES (7, 4, '4812 S Church St.', '33611');

INSERT INTO C_CONTACT_PHONE(CONTACT_PHONE_ID, USER_ID, PHONE_NUMBER, NUMBER_TYPE) VALUES (1, 1, '8133003245', 'MBL');
INSERT INTO C_CONTACT_PHONE(CONTACT_PHONE_ID, USER_ID, PHONE_NUMBER, NUMBER_TYPE) VALUES (2, 2, 'maybe', 'mobi');
INSERT INTO C_CONTACT_PHONE(CONTACT_PHONE_ID, USER_ID, PHONE_NUMBER, NUMBER_TYPE) VALUES (3, 2, '1-34-5443=0', 'wtr-bill');
INSERT INTO C_CONTACT_PHONE(CONTACT_PHONE_ID, USER_ID, PHONE_NUMBER, NUMBER_TYPE) VALUES (4, 3, '34566534', 'fax');
INSERT INTO C_CONTACT_PHONE(CONTACT_PHONE_ID, USER_ID, PHONE_NUMBER, NUMBER_TYPE) VALUES (5, 3, '745764657', 'home');
INSERT INTO C_CONTACT_PHONE(CONTACT_PHONE_ID, USER_ID, PHONE_NUMBER, NUMBER_TYPE) VALUES (6, 4, '8008887676', 'wrk');
INSERT INTO C_CONTACT_PHONE(CONTACT_PHONE_ID, USER_ID, PHONE_NUMBER, NUMBER_TYPE) VALUES (7, 4, '9008001111', 'yep');







